<?xml version="1.0" encoding="UTF-8"?>

<Bundle xmlns="http://hl7.org/fhir">
  <id value="711a799d-10e1-48d6-8e4b-cf366ae56717"/>
  <meta>
    <lastUpdated value="2023-09-18T09:23:55.676-03:00"/>
  </meta>
  <type value="collection"/>
  <entry>
    <fullUrl value="https://kyriosdata.github.io/ig/ValueSet/vs-qualificacao"/>
    <resource>
      <ValueSet>
        <text>
          <status value="generated"/>
          <div xmlns="http://www.w3.org/1999/xhtml">
            <p>This value set contains 5 concepts</p>
            <p style="border: black 1px dotted; background-color: #EEEEEE; padding: 8px; margin-bottom: 8px">Expansion based on 
              <a href="CodeSystem-qualificacao.html">codesystem Qualificação de animal terapeuta v0.0.1 (CodeSystem)</a>
            </p>
            <table class="codes">
              <tr>
                <td style="white-space:nowrap">
                  <b>Code</b>
                </td>
                <td>
                  <b>System</b>
                </td>
                <td>
                  <b>Display</b>
                </td>
                <td>
                  <b>Definition</b>
                </td>
              </tr>
              <tr>
                <td style="white-space:nowrap">
                  <a name="https---kyriosdata.github.io-ig-CodeSystem-qualificacao-emocional"> </a>  
                  <a href="CodeSystem-qualificacao.html#qualificacao-emocional">emocional</a>
                </td>
                <td>https://kyriosdata.github.io/ig/CodeSystem/qualificacao</td>
                <td>Emocional</td>
                <td>
                  <div>
                    <p>Apoio emocional</p>

                  </div>
                </td>
              </tr>
              <tr>
                <td style="white-space:nowrap">
                  <a name="https---kyriosdata.github.io-ig-CodeSystem-qualificacao-terapia"> </a>  
                  <a href="CodeSystem-qualificacao.html#qualificacao-terapia">terapia</a>
                </td>
                <td>https://kyriosdata.github.io/ig/CodeSystem/qualificacao</td>
                <td>Animal para terapia</td>
                <td>
                  <div>
                    <p>Treinado para interagir com pacientes em ambiente de saúde</p>

                  </div>
                </td>
              </tr>
              <tr>
                <td style="white-space:nowrap">
                  <a name="https---kyriosdata.github.io-ig-CodeSystem-qualificacao-servico"> </a>  
                  <a href="CodeSystem-qualificacao.html#qualificacao-servico">servico</a>
                </td>
                <td>https://kyriosdata.github.io/ig/CodeSystem/qualificacao</td>
                <td>Serviço</td>
                <td>
                  <div>
                    <p>Treinados para auxiliar pessoas com deficiências físicas</p>

                  </div>
                </td>
              </tr>
              <tr>
                <td style="white-space:nowrap">
                  <a name="https---kyriosdata.github.io-ig-CodeSystem-qualificacao-detector"> </a>  
                  <a href="CodeSystem-qualificacao.html#qualificacao-detector">detector</a>
                </td>
                <td>https://kyriosdata.github.io/ig/CodeSystem/qualificacao</td>
                <td>Detector de doenças</td>
                <td>
                  <div>
                    <p>Apto a detectar doenças, por exemplo, pelo odor</p>

                  </div>
                </td>
              </tr>
              <tr>
                <td style="white-space:nowrap">
                  <a name="https---kyriosdata.github.io-ig-CodeSystem-qualificacao-alerta"> </a>  
                  <a href="CodeSystem-qualificacao.html#qualificacao-alerta">alerta</a>
                </td>
                <td>https://kyriosdata.github.io/ig/CodeSystem/qualificacao</td>
                <td>Alerta</td>
                <td>
                  <div>
                    <p>Apto a detectar sinais de crise e emitir alerta.</p>

                  </div>
                </td>
              </tr>
            </table>
          </div>
        </text>
        <url value="https://kyriosdata.github.io/ig/ValueSet/vs-qualificacao"/>
        <version value="0.0.1"/>
        <name value="ValoresQualificacaoAnimalTerapeuta"/>
        <title value="Códigos válidos para qualificação de animal terapeuta"/>
        <status value="active"/>
        <experimental value="true"/>
        <date value="2023-09-18T09:23:55-03:00"/>
        <jurisdiction>
          <coding>
            <system value="urn:iso:std:iso:3166"/>
            <code value="BR"/>
          </coding>
        </jurisdiction>
        <expansion>
          <identifier value="urn:uuid:a07f6f2a-0988-4839-a1a6-0466657508bb"/>
          <timestamp value="2023-09-18T09:24:22-03:00"/>
          <total value="5"/>
          <parameter>
            <name value="excludeNested"/>
            <valueBoolean value="false"/>
          </parameter>
          <parameter>
            <name value="used-codesystem"/>
            <valueUri value="https://kyriosdata.github.io/ig/CodeSystem/qualificacao|0.0.1"/>
          </parameter>
          <contains>
            <system value="https://kyriosdata.github.io/ig/CodeSystem/qualificacao"/>
            <code value="emocional"/>
            <display value="Emocional"/>
          </contains>
          <contains>
            <system value="https://kyriosdata.github.io/ig/CodeSystem/qualificacao"/>
            <code value="terapia"/>
            <display value="Animal para terapia"/>
          </contains>
          <contains>
            <system value="https://kyriosdata.github.io/ig/CodeSystem/qualificacao"/>
            <code value="servico"/>
            <display value="Serviço"/>
          </contains>
          <contains>
            <system value="https://kyriosdata.github.io/ig/CodeSystem/qualificacao"/>
            <code value="detector"/>
            <display value="Detector de doenças"/>
          </contains>
          <contains>
            <system value="https://kyriosdata.github.io/ig/CodeSystem/qualificacao"/>
            <code value="alerta"/>
            <display value="Alerta"/>
          </contains>
        </expansion>
      </ValueSet>
    </resource>
  </entry>
</Bundle>