{"resourceType":"CodeSystem","id":"qualificacao","text":{"status":"generated","div":"<div xmlns=\"http://www.w3.org/1999/xhtml\">Códigos para habilidades de animais terapeutas</div>"},"url":"https://fhir.fabrica.inf.ufg.br/ig/CodeSystem/qualificacao","version":"0.0.2","name":"QualificacaoAnimalTerapeuta","title":"Qualificação de animal terapeuta","status":"active","experimental":true,"date":"2023-12-21T20:59:12-03:00","publisher":"CGIS","contact":[{"name":"CGIS","telecom":[{"system":"url","value":"https://cgis.ufg.br/"},{"system":"email","value":"fabio@inf.ufg.br"}]}],"description":"Vocabulário para designar as capacidades de um animal terapeuta","jurisdiction":[{"coding":[{"system":"urn:iso:std:iso:3166","code":"BR"}]}],"caseSensitive":true,"valueSet":"https://fhir.fabrica.inf.ufg.br/ig/ValueSet/vs-qualificacao","content":"complete","count":5,"concept":[{"code":"emocional","display":"Emocional","definition":"Apoio emocional"},{"code":"terapia","display":"Animal para terapia","definition":"Treinado para interagir com pacientes em ambiente de saúde"},{"code":"servico","display":"Serviço","definition":"Treinados para auxiliar pessoas com deficiências físicas"},{"code":"detector","display":"Detector de doenças","definition":"Apto a detectar doenças, por exemplo, pelo odor"},{"code":"alerta","display":"Alerta","definition":"Apto a detectar sinais de crise e emitir alerta."}]}