{"resourceType":"NamingSystem","id":"cadastro-animal-terapeuta","text":{"status":"generated","div":"<div xmlns=\"http://www.w3.org/1999/xhtml\">Animal terapeuta</div>"},"extension":[{"url":"http://hl7.org/fhir/5.0/StructureDefinition/extension-NamingSystem.url","valueUri":"https://fhir.fabrica.inf.ufg.br/ig/NamingSystem/cadastro-animal-terapeuta"},{"url":"http://hl7.org/fhir/5.0/StructureDefinition/extension-NamingSystem.version","valueString":"0.0.2"}],"name":"CadastroAnimalTerapeuta","status":"active","kind":"identifier","date":"2023-08-28","publisher":"CGIS","contact":[{"name":"CGIS","telecom":[{"system":"url","value":"https://cgis.ufg.br/"},{"system":"email","value":"fabio@inf.ufg.br"}]}],"responsible":"Conselho Regional de Medicina Veterinária (CRMV)","type":{"coding":[{"system":"http://terminology.hl7.org/CodeSystem/v2-0203","code":"EN"}]},"jurisdiction":[{"coding":[{"system":"urn:iso:std:iso:3166","code":"BR"}]}],"usage":"Código único atribuído a cada animal terapeuta no Brasil","uniqueId":[{"type":"uri","value":"http://crmv.org/cat","preferred":true,"comment":"Identificador brasileiro único de animais terapeutas","period":{"start":"2023-08-28"}}]}