<?xml version="1.0" encoding="UTF-8"?><NamingSystem xmlns="http://hl7.org/fhir"><id value="cadastro-animal-terapeuta"/><text><status value="generated"/><div xmlns="http://www.w3.org/1999/xhtml">Animal terapeuta</div></text><extension url="http://hl7.org/fhir/5.0/StructureDefinition/extension-NamingSystem.url"><valueUri value="https://fhir.fabrica.inf.ufg.br/ig/NamingSystem/cadastro-animal-terapeuta"/></extension><extension url="http://hl7.org/fhir/5.0/StructureDefinition/extension-NamingSystem.version"><valueString value="0.0.2"/></extension><name value="CadastroAnimalTerapeuta"/><status value="active"/><kind value="identifier"/><date value="2023-08-28"/><publisher value="CGIS"/><contact><name value="CGIS"/><telecom><system value="url"/><value value="https://cgis.ufg.br/"/></telecom><telecom><system value="email"/><value value="fabio@inf.ufg.br"/></telecom></contact><responsible value="Conselho Regional de Medicina Veterinária (CRMV)"/><type><coding><system value="http://terminology.hl7.org/CodeSystem/v2-0203"/><code value="EN"/></coding></type><jurisdiction><coding><system value="urn:iso:std:iso:3166"/><code value="BR"/></coding></jurisdiction><usage value="Código único atribuído a cada animal terapeuta no Brasil"/><uniqueId><type value="uri"/><value value="http://crmv.org/cat"/><preferred value="true"/><comment value="Identificador brasileiro único de animais terapeutas"/><period><start value="2023-08-28"/></period></uniqueId></NamingSystem>