{
  "resourceType" : "Bundle",
  "id" : "5589ff3e-5bdf-49ba-9397-36779469b939",
  "meta" : {
    "lastUpdated" : "2023-09-17T18:19:19.189-03:00"
  },
  "type" : "collection",
  "entry" : [{
    "fullUrl" : "https://kyriosdata.github.io/ig/ValueSet/vs-qualificacao",
    "resource" : {
      "resourceType" : "ValueSet",
      "text" : {
        "status" : "generated",
        "div" : "<div xmlns=\"http://www.w3.org/1999/xhtml\"><p>This value set contains 5 concepts</p><p style=\"border: black 1px dotted; background-color: #EEEEEE; padding: 8px; margin-bottom: 8px\">Expansion based on <a href=\"CodeSystem-qualificacao.html\">codesystem Qualificação de animal terapeuta v0.0.1 (CodeSystem)</a></p><table class=\"codes\"><tr><td style=\"white-space:nowrap\"><b>Code</b></td><td><b>System</b></td><td><b>Display</b></td><td><b>Definition</b></td></tr><tr><td style=\"white-space:nowrap\"><a name=\"https---kyriosdata.github.io-ig-CodeSystem-qualificacao-emocional\"> </a>\u00a0\u00a0<a href=\"CodeSystem-qualificacao.html#qualificacao-emocional\">emocional</a></td><td>https://kyriosdata.github.io/ig/CodeSystem/qualificacao</td><td>Emocional</td><td><div><p>Apoio emocional</p>\n</div></td></tr><tr><td style=\"white-space:nowrap\"><a name=\"https---kyriosdata.github.io-ig-CodeSystem-qualificacao-terapia\"> </a>\u00a0\u00a0<a href=\"CodeSystem-qualificacao.html#qualificacao-terapia\">terapia</a></td><td>https://kyriosdata.github.io/ig/CodeSystem/qualificacao</td><td>Animal para terapia</td><td><div><p>Treinado para interagir com pacientes em ambiente de saúde</p>\n</div></td></tr><tr><td style=\"white-space:nowrap\"><a name=\"https---kyriosdata.github.io-ig-CodeSystem-qualificacao-servico\"> </a>\u00a0\u00a0<a href=\"CodeSystem-qualificacao.html#qualificacao-servico\">servico</a></td><td>https://kyriosdata.github.io/ig/CodeSystem/qualificacao</td><td>Serviço</td><td><div><p>Treinados para auxiliar pessoas com deficiências físicas</p>\n</div></td></tr><tr><td style=\"white-space:nowrap\"><a name=\"https---kyriosdata.github.io-ig-CodeSystem-qualificacao-detector\"> </a>\u00a0\u00a0<a href=\"CodeSystem-qualificacao.html#qualificacao-detector\">detector</a></td><td>https://kyriosdata.github.io/ig/CodeSystem/qualificacao</td><td>Detector de doenças</td><td><div><p>Apto a detectar doenças, por exemplo, pelo odor</p>\n</div></td></tr><tr><td style=\"white-space:nowrap\"><a name=\"https---kyriosdata.github.io-ig-CodeSystem-qualificacao-alerta\"> </a>\u00a0\u00a0<a href=\"CodeSystem-qualificacao.html#qualificacao-alerta\">alerta</a></td><td>https://kyriosdata.github.io/ig/CodeSystem/qualificacao</td><td>Alerta</td><td><div><p>Apto a detectar sinais de crise e emitir alerta.</p>\n</div></td></tr></table></div>"
      },
      "url" : "https://kyriosdata.github.io/ig/ValueSet/vs-qualificacao",
      "version" : "0.0.1",
      "name" : "ValoresQualificacaoAnimalTerapeuta",
      "title" : "Códigos válidos para qualificação de animal terapeuta",
      "status" : "active",
      "experimental" : true,
      "date" : "2023-09-17T18:19:19-03:00",
      "jurisdiction" : [{
        "coding" : [{
          "system" : "urn:iso:std:iso:3166",
          "code" : "BR"
        }]
      }],
      "expansion" : {
        "identifier" : "urn:uuid:dc7b7723-9493-45af-90c6-b9c9d53f99bc",
        "timestamp" : "2023-09-17T18:20:28-03:00",
        "total" : 5,
        "parameter" : [{
          "name" : "excludeNested",
          "valueBoolean" : false
        },
        {
          "name" : "used-codesystem",
          "valueUri" : "https://kyriosdata.github.io/ig/CodeSystem/qualificacao|0.0.1"
        }],
        "contains" : [{
          "system" : "https://kyriosdata.github.io/ig/CodeSystem/qualificacao",
          "code" : "emocional",
          "display" : "Emocional"
        },
        {
          "system" : "https://kyriosdata.github.io/ig/CodeSystem/qualificacao",
          "code" : "terapia",
          "display" : "Animal para terapia"
        },
        {
          "system" : "https://kyriosdata.github.io/ig/CodeSystem/qualificacao",
          "code" : "servico",
          "display" : "Serviço"
        },
        {
          "system" : "https://kyriosdata.github.io/ig/CodeSystem/qualificacao",
          "code" : "detector",
          "display" : "Detector de doenças"
        },
        {
          "system" : "https://kyriosdata.github.io/ig/CodeSystem/qualificacao",
          "code" : "alerta",
          "display" : "Alerta"
        }]
      }
    }
  }]
}