{
  "codeSystems" : [
    {
      "url" : "http://snomed.info/sct",
      "version" : null,
      "status" : "active",
      "name" : "SNOMED_CT",
      "title" : "SNOMED CT (all versions)",
      "description" : "SNOMED CT is the most comprehensive and precise clinical health terminology product in the world, owned and distributed around the world by The International Health Terminology Standards Development Organisation (IHTSDO).",
      "oids" : ["2.16.840.1.113883.6.96"],
      "uses" : {
      },
      "http://hl7.org/fhir/R4/valueset-animal-species.html" : "Animal species"
    },
    {
      "url" : "https://fhir.fabrica.inf.ufg.br/ig/CodeSystem/qualificacao",
      "version" : "0.0.2",
      "status" : "active",
      "name" : "QualificacaoAnimalTerapeuta",
      "title" : "Qualificação de animal terapeuta",
      "description" : "Vocabulário para designar as capacidades de um animal terapeuta",
      "uses" : {
      },
      "ValueSet-vs-qualificacao.html" : "Códigos válidos para qualificação de animal terapeuta"
    }
  ]
}
