{
  "resourceType" : "OperationDefinition",
  "id" : "qualification",
  "text" : {
    "status" : "generated",
    "div" : "<div xmlns=\"http://www.w3.org/1999/xhtml\">Busca por qualificação</div>"
  },
  "url" : "https://fhir.fabrica.inf.ufg.br/ig/OperationDefinition/qualification",
  "version" : "0.0.2",
  "name" : "LocalizaAnimalTerapeutaPorQualificacao",
  "title" : "Definição de busca por qualificação de animal terapeuta",
  "status" : "active",
  "kind" : "operation",
  "experimental" : true,
  "date" : "2023-09-06T09:29:23+11:00",
  "publisher" : "CGIS",
  "contact" : [{
    "name" : "CGIS",
    "telecom" : [{
      "system" : "url",
      "value" : "https://cgis.ufg.br/"
    },
    {
      "system" : "email",
      "value" : "fabio@inf.ufg.br"
    }]
  }],
  "description" : "Definição da operação de busca por qualificação de animal terapeuta",
  "jurisdiction" : [{
    "coding" : [{
      "system" : "urn:iso:std:iso:3166",
      "code" : "BR"
    }]
  }],
  "code" : "qualification",
  "comment" : "Detalha a operação de busca, baseada na qualificação, por animal que contribui com assistência à saúde.",
  "resource" : ["Practitioner"],
  "system" : false,
  "type" : true,
  "instance" : true,
  "parameter" : [{
    "name" : "code",
    "use" : "in",
    "min" : 1,
    "max" : "1",
    "documentation" : "O código da qualificação de interesse",
    "type" : "code",
    "binding" : {
      "strength" : "required",
      "valueSet" : "https://fhir.fabrica.inf.ufg.br/ig/ValueSet/vs-qualificacao"
    }
  },
  {
    "name" : "return",
    "use" : "out",
    "min" : 1,
    "max" : "1",
    "documentation" : "Instâncias de Practitioner referente a animais que possuem a qualificação indicada.",
    "type" : "Bundle"
  }]
}