<?xml version="1.0" encoding="UTF-8"?>

<Practitioner xmlns="http://hl7.org/fhir">
  <id value="terapeuta"/>
  <meta>
    <profile value="https://kyriosdata.github.io/ig/StructureDefinition/animal-terapeuta"/>
  </meta>
  <text>
    <status value="generated"/><div xmlns="http://www.w3.org/1999/xhtml">Dr. Romeu</div>
  </text>
  <extension url="http://hl7.org/fhir/StructureDefinition/practitioner-animalSpecies">
    <valueCodeableConcept>
      <coding>
        <system value="http://snomed.info/sct"/>
        <code value="388445009"/>
      </coding>
    </valueCodeableConcept>
  </extension>
  <identifier>
    <system value="http://www.gov.br/agricultura/ca"/>
    <value value="12.22.333"/>
  </identifier>
  <identifier>
    <system value="http://crmv.org/cat"/>
    <value value="crmv.codigo.123"/>
  </identifier>
  <active value="true"/>
  <name>
    <given value="Romeu"/>
  </name>
  <telecom>
    <use value="work"/>
  </telecom>
  <address>
    <use value="home"/>
    <text value="Endereço do Dr. Romeu"/>
  </address>
  <photo>
    <url value="https://images.unsplash.com/photo-1552053831-71594a27632d"/>
  </photo>
  <qualification>
    <code>
      <coding>
        <system value="https://kyriosdata.github.io/ig/CodeSystem/qualificacao"/>
        <code value="alerta"/>
      </coding>
    </code>
  </qualification>
</Practitioner>