{
  "resourceType" : "NamingSystem",
  "id" : "cadastro-animal",
  "text" : {
    "status" : "empty",
    "div" : "<div xmlns=\"http://www.w3.org/1999/xhtml\">Placeholder</div>"
  },
  "extension" : [{
    "url" : "http://hl7.org/fhir/5.0/StructureDefinition/extension-NamingSystem.url",
    "valueUri" : "https://kyriosdata.github.io/ig/NamingSystem/cadastro-animal"
  },
  {
    "url" : "http://hl7.org/fhir/5.0/StructureDefinition/extension-NamingSystem.version",
    "valueString" : "0.0.1"
  }],
  "name" : "CadastroDeAnimal",
  "status" : "active",
  "kind" : "identifier",
  "date" : "2023-08-28",
  "publisher" : "CGIS",
  "contact" : [{
    "name" : "CGIS",
    "telecom" : [{
      "system" : "url",
      "value" : "https://cgis.ufg.br/"
    },
    {
      "system" : "email",
      "value" : "fabio@inf.ufg.br"
    }]
  }],
  "responsible" : "Ministério da Agricultura e Pecuária (MAPA)",
  "type" : {
    "coding" : [{
      "system" : "http://terminology.hl7.org/CodeSystem/v2-0203",
      "code" : "MR"
    }]
  },
  "jurisdiction" : [{
    "coding" : [{
      "system" : "urn:iso:std:iso:3166",
      "code" : "BR"
    }]
  }],
  "usage" : "Código único atribuído a cada animal identificado no Brasil",
  "uniqueId" : [{
    "type" : "uri",
    "value" : "http://www.gov.br/agricultura/ca",
    "preferred" : true,
    "comment" : "Identificador brasileiro único de animais",
    "period" : {
      "start" : "2023-08-28"
    }
  }]
}