{
  "resourceType" : "Organization",
  "id" : "clinica-veterinaria",
  "text" : {
    "status" : "generated",
    "div" : "<div xmlns=\"http://www.w3.org/1999/xhtml\"><p><b>Generated Narrative: Organization</b><a name=\"clinica-veterinaria\"> </a></p><div style=\"display: inline-block; background-color: #d9e0e7; padding: 6px; margin: 4px; border: 1px solid #8da1b4; border-radius: 5px; line-height: 60%\"><p style=\"margin-bottom: 0px\">Resource Organization &quot;clinica-veterinaria&quot; </p></div><p><b>active</b>: true</p><p><b>name</b>: Clínica Veterinária Animal Feliz</p><p><b>alias</b>: CVAF</p><p><b>telecom</b>: ph: 98765-4321</p><p><b>address</b>: Rua Luis Machado, n. 123(WORK)</p></div>"
  },
  "active" : true,
  "name" : "Clínica Veterinária Animal Feliz",
  "alias" : ["CVAF"],
  "telecom" : [{
    "system" : "phone",
    "value" : "98765-4321"
  }],
  "address" : [{
    "use" : "work",
    "type" : "physical",
    "text" : "Rua Luis Machado, n. 123",
    "city" : "Serra da Saudade",
    "state" : "MG",
    "country" : "BR"
  }]
}